City_ID,City,Country,Max Temp,Current Description,Lat,Lng,Hotel Name
0,Port Blair,IN,74.7,scattered clouds,11.6667,92.75,Welcomhotel Bay Island Port Blair
2,Busselton,AU,68.0,broken clouds,-33.65,115.3333,Observatory Guest House
6,Camacha,PT,60.8,few clouds,33.0833,-16.3333,Hotel Porto Santo & Spa
7,Punta Arenas,CL,55.4,light rain,-53.15,-70.9167,Hotel Dreams Del Estrecho
9,Bredasdorp,ZA,62.6,overcast clouds,-34.5322,20.0403,Bredasdorp Country Manor
10,Georgetown,MY,75.2,few clouds,5.4112,100.3354,Cititel Penang
12,Mataura,NZ,61.41,overcast clouds,-46.1927,168.8643,Ellie's Villa
13,Victoria,HK,66.0,broken clouds,22.2855,114.1577,Mini Hotel Central
17,Saint George,US,52.0,clear sky,37.1041,-113.5841,Best Western Plus Abbey Inn
18,Esmeraldas,BR,77.0,clear sky,-19.7625,-44.3139,Bom Ser√° - Marcinho e Fernanda
21,Saint-Philippe,RE,78.8,overcast clouds,-21.3585,55.7679,"Chambres d'h√¥te ""La Trinit√©"""
23,Hermanus,ZA,59.0,broken clouds,-34.4187,19.2345,Misty Waves Boutique Hotel
25,Vaini,TO,82.4,moderate rain,-21.2,-175.2,Keleti Beach Resort
26,Guerrero Negro,MX,61.95,broken clouds,27.9769,-114.0611,"Casa Laguna, Bed & Breakfast"
27,Cockburn Town,TC,77.0,scattered clouds,21.4612,-71.1419,Osprey Beach Hotel
29,Kikwit,CD,70.65,overcast clouds,-5.041,18.8162,Guest L'Amour
31,Nishihara,JP,66.2,scattered clouds,26.1842,127.7558,Minshuku Agaihama
33,Isangel,VU,80.31,overcast clouds,-19.55,169.2667,Volcano Sea View Tree House
35,Bluff,NZ,58.71,moderate rain,-46.6,168.3333,Bluff Homestead - Guesthouse & Campervan Park
36,Bengkulu,ID,76.96,overcast clouds,-3.8004,102.2655,Grage Hotel Bengkulu
37,Coquimbo,CL,64.4,clear sky,-29.9533,-71.3436,Hotel San Juan
38,Pisco,PE,73.4,clear sky,-13.7,-76.2167,Hotel San Isidro Oficial
39,Cape Town,ZA,66.0,few clouds,-33.9258,18.4232,"Radisson Blu Hotel Waterfront, Cape Town"
40,Hilo,US,78.8,light rain,19.7297,-155.09,Hilo Hawaiian Hotel
41,Carnarvon,AU,77.0,overcast clouds,-24.8667,113.6333,Hospitality Carnarvon
43,Kapaa,US,77.0,light rain,22.0752,-159.319,Sheraton Kauai Resort at Coconut Beach
44,Ushuaia,AR,57.2,light rain,-54.8,-68.3,Albatros Hotel
45,Bure,ET,55.45,scattered clouds,10.7,37.0667,Holiday
46,Nouakchott,MR,66.2,broken clouds,18.0858,-15.9785,H√¥tel Iman
47,Ballina,AU,77.0,overcast clouds,-28.8667,153.5667,Ramada Hotel & Suites by Wyndham Ballina Byron
50,Hobart,AU,77.0,broken clouds,-42.8794,147.3294,St Ives Hobart Accommodation Tasmania
52,Jardim,BR,74.64,moderate rain,-21.4803,-56.1381,Hotel Est√¢ncia
54,Champerico,GT,86.0,scattered clouds,14.3,-91.9167,"Hotel y restaurante ""El Diamante"""
55,Rikitea,PF,79.38,clear sky,-23.1203,-134.9692,Pension Maro'i
58,Cidreira,BR,76.48,clear sky,-30.1811,-50.2056,Hotel Castelo
60,Itaituba,BR,80.6,few clouds,-4.2761,-55.9836,Hotel Campos
62,Faanui,PF,81.39,clear sky,-16.4833,-151.75,Bora-Bora Pearl Beach Resort & Spa
64,Lebu,CL,59.79,clear sky,-37.6167,-73.65,Hostal Las Lilas
65,Ukiah,US,57.2,clear sky,39.1502,-123.2078,Hampton Inn Ukiah
67,Puerto Ayora,EC,77.0,broken clouds,-0.7393,-90.3518,Castillo Galapagos
70,Brownfield,US,57.0,scattered clouds,33.1812,-102.2744,Holiday Inn Express & Suites Brownfield
71,East London,ZA,72.0,light rain,-33.0153,27.9116,Tu Casa
73,Avarua,CK,86.0,few clouds,-21.2078,-159.775,Paradise Inn
74,Port Elizabeth,ZA,68.0,light rain,-33.918,25.5701,39 On Nile Guest House
75,Flinders,AU,93.0,clear sky,-34.5833,150.8552,Shellharbour Resort & Conference Centre
76,Arraial Do Cabo,BR,75.97,scattered clouds,-22.9661,-42.0278,Pousada Porto Praia
78,Kavaratti,IN,81.0,broken clouds,10.5669,72.642,Hotels in Lakshadweep Islands
81,New Norfolk,AU,77.0,scattered clouds,-42.7826,147.0587,The Shingles Riverside Cottages
82,Tautira,PF,84.0,broken clouds,-17.7333,-149.15,Pension Oaoa
83,Port Hedland,AU,89.6,clear sky,-20.3167,118.5667,The Esplanade Hotel
84,Hervey Bay,AU,84.99,overcast clouds,-25.2986,152.8535,Shelly Bay Resort
85,The Valley,AI,78.8,few clouds,18.217,-63.0578,CeBlue Villas & Beach Resort
88,Aswan,EG,56.41,clear sky,24.0934,32.907,Nuba Nile
89,Hambantota,LK,71.6,clear sky,6.1241,81.1185,Bungalow 63
91,Hithadhoo,MV,81.14,light rain,-0.6,73.0833,Scoop Guest House
92,Lagoa,PT,60.94,light rain,39.05,-27.9833,Casa Das Faias
94,Ghatanji,IN,66.85,clear sky,20.1333,78.3167,‡§ó‡§ú‡§æ‡§®‡§® ‡§Æ‡§æ‡§π‡§∞‡§æ‡§ú ‡§Æ‡§¶‡•Ä‡§≤ ‡§ò‡§æ‡§ü‡§ú‡•Ä
98,Lorengau,PG,85.05,broken clouds,-2.0226,147.2712,Lorengau Harbourside Hotel
99,Hokitika,NZ,57.61,overcast clouds,-42.7167,170.9667,Beachfront Hotel Hokitika
101,Clovis,US,55.0,scattered clouds,36.8252,-119.7029,"Homewood Suites by Hilton Fresno Airport/Clovis, CA"
102,Buala,SB,85.64,overcast clouds,-8.145,159.5921,Maringe Lagoon Lodge
103,Caravelas,BR,75.33,broken clouds,-17.7125,-39.2481,Pousada dos Navegantes
104,Kavieng,PG,84.72,overcast clouds,-2.5744,150.7967,Nusa Island Retreat
107,Tocopilla,CL,70.29,few clouds,-22.092,-70.1979,Hotel Galvarino
109,Atuona,PF,78.15,clear sky,-9.8,-139.0333,Villa Enata
111,Kununurra,AU,82.4,overcast clouds,-15.7667,128.7333,Hotel Kununurra
113,Butaritari,KI,79.99,broken clouds,3.0707,172.7902,Isles Sunset Lodge
114,Lazaro Cardenas,MX,79.93,overcast clouds,17.9583,-102.2,Collection O Hotel Quinta Antigua
115,Zeerust,ZA,68.0,broken clouds,-25.5369,26.0751,Kareespruit Game Ranch and Guest House
122,Marsala,IT,57.99,broken clouds,37.7966,12.4352,Villa Favorita Hotel e Resort
124,Kapit,MY,74.32,overcast clouds,2.0167,112.9333,Hotel Meligai Kapit
125,Minas,UY,80.01,clear sky,-34.3759,-55.2377,Hotel Minas
126,Conceicao Do Araguaia,BR,75.99,broken clouds,-8.2578,-49.2647,Tarum√£ Tropical Hotel
128,Vao,NC,75.83,overcast clouds,-22.6667,167.4833,Hotel Kou-Bugny
129,Mahebourg,MU,77.0,scattered clouds,-20.4081,57.7,Shandrani Beachcomber Resort & Spa
130,Tuy Hoa,VN,68.47,scattered clouds,13.0833,109.3,CenDeluxe Hotel Tuy Hoa
131,Airai,TL,68.79,overcast clouds,-8.9266,125.4092,Juvinal Martin
133,Ihosy,MG,70.11,overcast clouds,-22.4,46.1167,Tamana H√¥tel
134,Punta Alta,AR,86.41,few clouds,-38.8759,-62.0736,Center Hotel Punta Alta
135,Manokwari,ID,81.86,overcast clouds,-0.8667,134.0833,Swiss Belhotel Manokwari
139,Kaitangata,NZ,65.01,overcast clouds,-46.2817,169.8464,Kaitangata Motor Camp
140,Barcelona,ES,54.0,light rain,41.3888,2.1590000000000003,Axel Hotel Barcelona
142,San Patricio,US,68.0,mist,28.017,-97.5169,"Motel 6 Sinton, TX"
143,Alice Springs,AU,87.8,overcast clouds,-23.7,133.8833,Desert Palms Alice Springs
144,Morgan City,US,60.8,overcast clouds,29.6994,-91.2068,Hampton Inn & Suites Morgan City
146,Quatre Cocos,MU,77.0,scattered clouds,-20.2078,57.7625,Emeraude Beach Attitude Hotel
148,Inongo,CD,74.55,overcast clouds,-1.95,18.2667,Hotel Du Lac
150,Saint-Pierre,RE,78.8,light rain,-21.3393,55.4781,Lindsey H√¥tel
152,Sibolga,ID,77.22,overcast clouds,1.7427,98.7792,Hotel Syariah CN Darussalam
153,Lompoc,US,53.6,few clouds,34.6391,-120.4579,Holiday Inn Express Lompoc
154,Port Alfred,ZA,68.0,broken clouds,-33.5906,26.891,The Halyards Hotel
155,Cabo San Lucas,MX,71.6,scattered clouds,22.8909,-109.9124,Hotel Tesoro Los Cabos
156,Ponta Do Sol,PT,60.01,overcast clouds,32.6667,-17.1,Hotel do Campo
157,Vila Franca Do Campo,PT,63.0,broken clouds,37.7167,-25.4333,Pestana Bahia Praia
158,Namatanai,PG,84.92,overcast clouds,-3.6667,152.4333,Namatanai Hotel
165,Dicabisagan,PH,76.35,overcast clouds,17.0818,122.4157,Nancy Montanes Bernardo
166,Cabimas,VE,81.73,broken clouds,10.3883,-71.4399,ApartaHotel ROIS
170,Dingle,PH,78.42,broken clouds,10.9995,122.6711,SEGAYA PROPERTY
173,Salta,AR,73.4,clear sky,-24.7859,-65.4117,Hotel Alejandro I
178,Santiago,CL,80.6,clear sky,-33.4569,-70.6483,Sheraton Santiago Hotel and Convention Center
179,Nizwa,OM,52.97,clear sky,22.9333,57.5333,Orient Apartments
180,Roebourne,AU,87.01,clear sky,-20.7833,117.1333,Harding River Caravan Park
183,Marawi,PH,78.01,overcast clouds,7.9986,124.2928,Derogongan Residence
185,Key West,US,70.0,clear sky,24.5557,-81.7826,Fairfield Inn & Suites by Marriott Key West
188,Bathsheba,BB,77.0,few clouds,13.2167,-59.5167,Atlantis Hotel
189,Mudgee,AU,87.8,clear sky,-32.5943,149.5871,Parklands Resort & Conference Centre
192,Dzaoudzi,YT,78.8,overcast clouds,-12.7887,45.2699,Le Rocher
193,Esperance,AU,66.2,overcast clouds,-33.8667,121.9,Hospitality Esperance
194,Ajaccio,FR,55.4,overcast clouds,42.0,8.9167,Sole E Monte
198,Saint-Joseph,RE,78.8,overcast clouds,-21.3667,55.6167,"""Plantation Bed and Breakfast"
200,Pitimbu,BR,78.8,clear sky,-7.4706,-34.8086,Reserva do Abia√≠
201,Cacu,BR,75.2,light rain,-18.5567,-51.1308,Imp√©rio Hotel
202,Tual,ID,83.98,light rain,-5.6667,132.75,Grand Vilia Hotel
203,Kahului,US,80.6,scattered clouds,20.8947,-156.47,Maui Seaside Hotel
205,Ribeira Grande,PT,62.76,moderate rain,38.5167,-28.7,Quinta da Meia Eira
207,Richards Bay,ZA,79.52,clear sky,-28.783,32.0377,BON Hotel Waterfront Richards Bay
209,Namibe,AO,74.46,overcast clouds,-15.1961,12.1522,Hotel Chik Chik Namibe
210,Ibadan,NG,72.82,overcast clouds,7.3878,3.8964,BTE Suites & Civic Center
211,Devonport,AU,73.0,broken clouds,-41.1667,146.35,Gateway Hotel by Nightcap Plus
212,Castro,BR,64.54,moderate rain,-24.7911,-50.0119,CHACARA BAILLY
213,Gurupa,BR,77.4,scattered clouds,-1.405,-51.64,Residencial DWD
214,Bambous Virieux,MU,77.0,scattered clouds,-20.3428,57.7575,Casa Tia Villa
215,Queanbeyan,AU,90.0,clear sky,-35.35,149.2333,Parkway Motel
217,Jega,NG,70.61,broken clouds,12.2175,4.3792,ALH. Nasiru Ibrahim
218,Sumbe,AO,74.57,scattered clouds,-11.2061,13.8437,Hotel Ritz Sumbe
220,Hualmay,PE,72.68,overcast clouds,-11.0964,-77.6139,Hotel Villa Kitzia Huacho
221,Souillac,MU,77.0,scattered clouds,-20.5167,57.5167,Shanti Maurice Resort & Spa
222,Honiara,SB,85.96,overcast clouds,-9.4333,159.95,Heritage Park Hotel
223,Te Anau,NZ,54.36,overcast clouds,-45.4167,167.7167,Kingsgate Hotel Te Anau
225,Byron Bay,AU,77.0,overcast clouds,-28.65,153.6167,Backpackers Inn on the Beach
226,Pacifica,US,54.0,few clouds,37.6138,-122.4869,"Pacifica Lighthouse, Trademark Collection by Wyndham"
227,Vintar,PH,77.0,overcast clouds,18.2284,120.6475,VYBE Hotel
232,Ancud,CL,59.0,clear sky,-41.8697,-73.8203,Hotel Arena Gruesa
237,Umm Lajj,SA,70.68,clear sky,25.0213,37.2685,Moon light Furnished Units
238,Moerai,PF,80.98,clear sky,-22.4333,-151.3333,Le Manotel
241,Darnah,LY,54.93,clear sky,32.766999999999996,22.6367,ŸÅŸÜÿØŸÇ ÿßŸÑŸÅÿ±ÿØŸàÿ≥
242,Sungaipenuh,ID,64.99,overcast clouds,-2.0833,101.3833,Hotel Jaya Wisata 2
252,Vicosa,BR,65.17,clear sky,-20.7539,-42.8819,Vivant Residence
254,Cam Ranh,VN,73.4,few clouds,11.9214,109.1591,OYO 598 Peony Hotel
257,Nouadhibou,MR,66.2,clear sky,20.930999999999997,-17.0347,El Medina
258,Katobu,ID,80.53,light rain,-4.9408,122.5276,La Ode Husein
260,Natal,BR,80.6,light rain,-5.795,-35.2094,Villa Park Hotel | Natal
262,Cap Malheureux,MU,77.0,light rain,-19.9842,57.6142,Pereybere Hotel & Spa
263,Kruisfontein,ZA,68.0,overcast clouds,-34.0033,24.7314,Oyster Bay House Rental
266,Omboue,GA,77.25,overcast clouds,-1.5746,9.2618,Hotel Olako
269,Princeton,US,71.01,clear sky,25.5384,-80.4089,American Best Inn
270,Dakar,SN,64.4,broken clouds,14.6937,-17.4441,Novotel Dakar
271,Bunia,CD,68.38,overcast clouds,1.5667,30.25,Gold Star International Hotel
272,Sawtell,AU,82.4,clear sky,-30.3833,153.1,Island Beach House Sawtell
273,Gladstone,AU,80.6,scattered clouds,-23.85,151.25,Highpoint International
275,Manggar,ID,79.48,light rain,-2.8833,108.2667,Guest Hotel
277,Rajgarh,IN,52.03,clear sky,28.6333,75.3833,Nand Plaza Hotel & Bar
278,Kanye,BW,71.17,broken clouds,-24.9667,25.3327,The Savanna Lodge
279,Bubaque,GW,76.86,clear sky,11.2833,-15.8333,"Casa Dora, Bubaque"
280,Miranda,CO,75.2,moderate rain,3.2499,-76.2281,unidiversidad organica la utopia
286,Arlit,NE,59.9,clear sky,18.7369,7.3853,Case de Passage De la Prefecture
291,Codrington,AU,88.07,overcast clouds,-38.2667,141.9667,Codrington Gardens Bed And Breakfast
298,Garoua,CM,71.19,broken clouds,9.3,13.4,Hotel De L'Amitie
299,Vila Velha,BR,79.0,light rain,-20.3297,-40.2925,Hotel Vit√≥ria Palace
300,Hurghada,EG,55.4,clear sky,27.2574,33.8129,Sea Star Beau Rivage Hotel
302,Pundaguitan,PH,80.89,overcast clouds,6.3711,126.1689,Leonardo Family Beach House 1
303,Laguna,US,59.0,clear sky,38.421,-121.4238,Holiday Inn Express & Suites Elk Grove Central - Hwy 99
306,Ahipara,NZ,70.7,few clouds,-35.1667,173.1667,Ahipara Holiday Park
307,Dalby,AU,82.0,scattered clouds,-27.1833,151.2667,Kobbers Motor Inn Dalby
309,Puerto Escondido,MX,82.4,scattered clouds,15.85,-97.0667,Aldea del Bazar Hotel and Spa
311,Constitucion,CL,60.04,few clouds,-35.3333,-72.4167,Hotel Boutique Las Azucenas
313,Tukrah,LY,55.09,few clouds,32.5341,20.5791,Lokta restaurant
314,Don Sak,TH,73.0,few clouds,9.3168,99.6918,Sea Sun Moon Hostel
315,Saldanha,ZA,62.6,broken clouds,-33.0117,17.9442,Blue Bay Lodge
317,Marsh Harbour,BS,73.62,few clouds,26.5412,-77.0636,Abaco Beach Resort
321,Couva,TT,78.8,few clouds,10.4225,-61.4675,Metro Hotel
323,Chimoio,MZ,69.26,overcast clouds,-19.1164,33.4833,Predio Livraria Ahmed
324,Santa Cecilia,BR,62.02,overcast clouds,-26.9608,-50.4269,Hotel Italiano
325,Meulaboh,ID,74.77,scattered clouds,4.1363,96.1285,Kost Pria
326,Warri,NG,77.47,overcast clouds,5.5167,5.75,BON Hotel Delta
327,Salalah,OM,68.0,clear sky,17.0151,54.0924,HAMDAN PLAZA HOTEL SALALAH
328,Kudahuvadhoo,MV,83.23,overcast clouds,2.6708,72.8944,Niyama Private Islands Maldives
330,Cururupu,BR,77.11,light rain,-1.8283,-44.8683,Pousada Trav√©s'cia
332,Katghora,IN,54.64,broken clouds,22.5,82.55,Deppak bhojanalay new bus stand
334,Buin,CL,80.6,clear sky,-33.7333,-70.75,Paihuen
335,Kalmunai,LK,74.19,few clouds,7.4167,81.8167,VS Villa
337,Panorama,GR,53.01,overcast clouds,40.5878,23.0315,Panorama Hotel
338,Mahibadhoo,MV,83.57,overcast clouds,3.7833,72.9667,Omadhoo Inn
342,Alyangula,AU,84.2,scattered clouds,-13.8483,136.4192,Groote Eylandt Lodge
345,Tuatapere,NZ,57.99,overcast clouds,-46.1333,167.6833,Ron and Tony's Bed & Breakfast
346,Mount Isa,AU,89.6,scattered clouds,-20.7333,139.5,ibis Styles Mt Isa Verona
349,Wukari,NG,73.54,overcast clouds,7.85,9.7833,Elimtop
351,Sao Joao Da Barra,BR,75.67,broken clouds,-21.6403,-41.0511,Pousada Porto De Canoas
352,Mount Gambier,AU,86.0,overcast clouds,-37.8333,140.7667,Commodore on the Park
353,San Fernando,PH,77.0,broken clouds,15.0286,120.6898,Maharlika Hostel
355,Port Lincoln,AU,75.16,overcast clouds,-34.7333,135.8667,Port Lincoln Hotel
356,Kalagarh,IN,54.46,scattered clouds,29.5,78.75,Ram Medical Home
357,Quelimane,MZ,77.61,overcast clouds,-17.8786,36.8883,Hotel Flamingo
358,Itarema,BR,79.9,overcast clouds,-2.9248,-39.9167,"Sea Lounge! Bar, Club & Restaurant"
359,Rancho Palos Verdes,US,55.99,broken clouds,33.7445,-118.387,Terranea Resort
362,Nelson Bay,AU,89.01,clear sky,-32.7167,152.15,Mantra Nelson Bay
364,Puerto Madryn,AR,65.86,few clouds,-42.7692,-65.0385,Hotel Tolosa
368,Hobyo,SO,76.37,overcast clouds,5.3505,48.5268,Halane Hotel and Restaurent
376,Karratha,AU,85.48,clear sky,-20.7377,116.8463,ibis Styles Karratha
377,Matamoros,MX,84.2,broken clouds,25.5333,-103.25,Quinta Belem
378,Yulara,AU,78.8,scattered clouds,-25.2406,130.9889,Desert Gardens Hotel - Ayers Rock Resort
379,Cuite,BR,70.86,broken clouds,-6.4836,-36.1536,Hotel Planalto
384,Conde,BR,78.8,clear sky,-7.2597,-34.9075,Pousada Beija Flor
387,Biak,ID,78.78,overcast clouds,-0.9131,122.8766,Penginapan Kim
391,Cabedelo,BR,78.8,clear sky,-6.9811,-34.8339,Hotel Pigalle
395,Dzilam Gonzalez,MX,75.31,clear sky,21.2833,-88.9333,posadas
396,Alofi,NU,84.2,light rain,-19.0595,-169.9187,Taloa Heights
400,Tabuk,PH,72.46,overcast clouds,17.4189,121.4443,Golden Berries Hotel and Convention
402,Valparaiso,CL,62.6,few clouds,-33.0393,-71.6273,Hotel Ultramar
403,Boca Do Acre,BR,74.62,overcast clouds,-8.7522,-67.3978,Hotel Sao Pedro
404,Tecoanapa,MX,80.6,overcast clouds,16.5167,-98.75,Hotel Manglares
405,Dilla,ET,60.78,broken clouds,6.41,38.31,Afomiya Pension
406,Asosa,ET,64.54,few clouds,10.0667,34.5333,Blendana Hotel Assosa
408,Mar Del Plata,AR,77.0,clear sky,-38.0023,-57.5575,Gran Hotel Mar del Plata
410,Cayenne,GF,77.0,clear sky,4.9333,-52.3333,H√¥tel Le Dronmi
412,Sulangan,PH,80.8,overcast clouds,11.1373,123.7228,Maia's Beach Resort
413,Rawson,AR,65.5,scattered clouds,-43.3002,-65.1023,Hosteria Sampedro
415,Matara,LK,71.78,few clouds,5.9485,80.5353,Amaloh Boutique Resort
419,Praia Da Vitoria,PT,62.6,light rain,38.7333,-27.0667,Hotel Branco I
421,Lata,PT,55.99,overcast clouds,40.1629,-8.3327,Casa Maquia
423,Oriximina,BR,78.85,few clouds,-1.7656,-55.8661,Pousada Tia Am√©lia
428,Tupelo,US,53.6,overcast clouds,34.2576,-88.7034,"Hilton Garden Inn Tupelo, MS"
430,San Quintin,MX,58.19,broken clouds,30.4833,-115.95,Old Mill Hotel
432,Wanxian,CN,53.82,overcast clouds,30.8039,108.3897,7Days Inn Chongqing Shiqiaopu
433,Barra Do Garcas,BR,75.16,light rain,-15.89,-52.2567,Hotel Pousada Tropical
434,Mandera,KE,79.25,broken clouds,3.9366,41.867,Kornesh Hotel and Lodging
435,Bayir,TR,53.6,light rain,37.2687,28.2167,Hotel Babadag
437,Cotonou,BJ,80.6,haze,6.3654,2.4183,Novotel Cotonou Orisha
438,Diamantino,BR,76.6,light rain,-14.4086,-56.4461,Hotel Delta
439,Eyl,SO,72.1,overcast clouds,7.9803,49.8164,Amiin Hotel
440,Mitsamiouli,KM,81.28,overcast clouds,-11.3847,43.2844,Foyer ADM
441,Port Macquarie,AU,86.0,clear sky,-31.4333,152.9167,Rydges Port Macquarie
443,Boma,GH,71.01,clear sky,7.0805,-2.1697,Obaatanpa Hotel
444,Galesong,ID,78.8,few clouds,-5.3166,119.3661,Sapriadi Appy
445,Trinidad,BO,77.0,light rain,-14.8333,-64.9,Hotel Piesta
446,Labuhan,ID,79.21,moderate rain,-6.8844,112.2051,PT PPI Lamongan Tambak C
448,Odweyne,SO,64.54,scattered clouds,9.4092,45.06399999999999,Eng Hiirey House
449,Prieska,ZA,81.9,scattered clouds,-29.6641,22.7474,Avenue GuestHouse
455,Kailua,US,80.6,broken clouds,21.4022,-157.7394,Sheffield House Bed & Breakfast
456,Moron,AR,86.0,clear sky,-34.6534,-58.6198,Hotel Mor√≥n
459,Stephenville,US,53.6,overcast clouds,32.2207,-98.2023,Holiday Inn Express & Suites Stephenville
463,Aquiraz,BR,80.6,scattered clouds,-3.9014,-38.3911,Pousada Rua Camurupim
465,Owando,CG,73.58,overcast clouds,-0.4819,15.8999,Exaunel Hotel Owando
467,Sao Joaquim,BR,58.46,broken clouds,-28.2939,-49.9317,Pousada Alternativa Cravo e Canela
469,Chiknayakanhalli,IN,63.59,few clouds,13.4172,76.6228,Shiva mess
474,Naze,JP,66.2,broken clouds,28.3667,129.4833,Â•ÑÁæé„Éù„Éº„Éà„Çø„ÉØ„Éº„Éõ„ÉÜ„É´
476,Bandarbeyla,SO,72.79,broken clouds,9.4942,50.8122,JABIR HOTEL
477,Sambava,MG,76.5,light rain,-14.2667,50.1667,Melrose
478,Balabac,PH,79.93,scattered clouds,7.9868,117.0645,Sing and Swing Lodge
483,Chuy,UY,70.63,clear sky,-33.6971,-53.4616,Nuevo Hotel Plaza
485,Atar,MR,64.44,scattered clouds,20.5169,-13.0499,Oumou Elghoura
486,Altamira,BR,74.28,light rain,-3.2033,-52.2064,Requinte Hotel
487,Rio Claro,BR,78.8,clear sky,-22.4114,-47.5614,Hotel Vivendas Rio Claro by Atlantica
488,Ekuvukeni,ZA,64.71,clear sky,-28.4675,30.1551,Sibeko Resident
490,Olinda,BR,78.8,scattered clouds,-8.0089,-34.8553,Flat Quatro Rodas Olinda
494,Sao Filipe,CV,73.36,broken clouds,14.8961,-24.4956,Tortuga B&B
497,Vangaindrano,MG,76.46,clear sky,-23.35,47.6,Hotel Fanilo
499,Majene,ID,78.89,overcast clouds,-3.5403,118.9707,Kost Putri RABBANI
501,Port-Gentil,GA,77.0,light rain,-0.7193,8.7815,Fengshui Residence
502,Asifabad,IN,65.53,few clouds,19.3667,79.2833,‡∞∏‡∞ø‡∞°‡∞Ç ‡∞ï‡±à‡∞≤‡∞æ‡∞∑‡±ç
503,Morro Bay,US,57.0,few clouds,35.3658,-120.8499,Inn at Morro Bay
504,Bardiyah,LY,54.37,clear sky,31.7561,25.0865,ÿ®Ÿàÿ±ÿ™Ÿà ÿ®ÿ±ÿØŸäÿ©
505,Charters Towers,AU,79.81,clear sky,-20.1,146.2667,Cattleman's Rest Motor Inn
506,Vanimo,PG,85.39,overcast clouds,-2.6741,141.3028,Vahmoneh Lodge Vanimo
507,Sur,OM,65.35,clear sky,22.5667,59.5289,Sur Plaza Hotel
510,Boa Vista,BR,82.4,scattered clouds,2.8197,-60.6733,Aipana Plaza Hotel
512,San Cristobal,VE,82.4,scattered clouds,7.7669,-72.225,Pirineos
513,Ahuimanu,US,80.6,broken clouds,21.4447,-157.8378,Paradise Bay Resort
514,Xuddur,SO,69.85,broken clouds,4.1213,43.8894,Banjanay Hotel
515,Hanmer Springs,NZ,68.18,overcast clouds,-42.5167,172.8167,The Chalets Motel
516,Nha Trang,VN,73.4,few clouds,12.25,109.1833,Hanoi Golden Hotel
517,Maceio,BR,78.8,broken clouds,-9.6658,-35.7353,Hotel Ponta Verde Macei√≥
520,Presidencia Roque Saenz Pena,AR,84.02,broken clouds,-26.7852,-60.4388,Hotel Gualok
521,Tiarei,PF,82.4,light rain,-17.5333,-149.3333,Le Rocher de Tahiti
522,Villamontes,BO,77.88,scattered clouds,-21.25,-63.5,Hotel Raldes
523,Ondjiva,AO,68.04,overcast clouds,-17.0667,15.7333,SOS Motel
526,Chicama,PE,69.8,scattered clouds,-7.8447,-79.1469,Hospedaje Punta Cana PERU
527,Navirai,BR,74.05,moderate rain,-23.065,-54.1906,Dubai Hotel - Tamb√©m sua casa!
532,Alta Floresta,BR,73.74,broken clouds,-9.8756,-56.0861,Floresta Amazonica Hotel
536,Manono,CD,70.38,light rain,-7.3,27.4167,Hotel hewa bora
543,Rio Grande,BR,75.99,broken clouds,-32.035,-52.0986,Hotel Atl√¢ntico Rio Grande
544,Waddan,LY,54.59,clear sky,29.1614,16.139,ŸÖÿ≠ŸÑ ÿßŸÑÿ¥ÿ±ŸäŸÅ ŸÖÿ≠ŸÖÿØ ÿßŸÑÿπÿßŸäÿ®
548,Denpasar,ID,80.6,few clouds,-8.65,115.2167,ASTON Denpasar Hotel & Convention Center
549,Aguimes,ES,64.4,broken clouds,27.9054,-15.4461,Hotel Villa de Aguimes
551,Ngaoundere,CM,63.34,broken clouds,7.3167,13.5833,Hotel Mentong Palace
552,Miri,MY,78.8,few clouds,4.4148,114.0089,"Mega Hotel, Miri"
553,Colesberg,ZA,78.91,overcast clouds,-30.72,25.0972,Bhelekazi Guesthouse
556,Porto Novo,BJ,80.6,haze,6.4965,2.6036,Tour Eiffel Hotel Benin
558,Christchurch,NZ,73.99,overcast clouds,-43.5333,172.6333,"Chateau on the Park - Christchurch, a DoubleTree by Hilton"
563,Thaba Nchu,ZA,64.4,clear sky,-29.2093,26.839000000000002,Real Time Guest House
564,El Progreso,HN,80.6,broken clouds,15.4,-87.8,Hotel La Arboleda
569,Nam Som,TH,66.99,mist,17.7704,102.1895,‡πÇ‡∏£‡∏á‡πÅ‡∏£‡∏°‡∏ß‡∏∏‡∏í‡∏¥‡πÇ‡∏ä‡∏Ñ ‡∏ô‡πâ‡∏≥‡πÇ‡∏™‡∏° ‡∏ó‡∏µ‡πà‡∏û‡∏±‡∏Å‡πÑ‡∏Å‡∏•‡πâ‡∏ß‡∏±‡∏î‡∏õ‡πà‡∏≤‡∏†‡∏π‡∏Å‡πâ‡∏≠‡∏ô ‡∏£‡∏≤‡∏Ñ‡∏≤ 500‡∏ø
571,Moree,AU,82.4,clear sky,-29.4667,149.85,Molika Springs Motel
572,Coihueco,CL,77.0,clear sky,-36.6167,-71.8333,Frutillares Coihueco
575,Lubbock,US,55.4,broken clouds,33.6001,-101.8338,La Quinta Inn by Wyndham Lubbock - Downtown Civic Center
576,Robertsport,LR,79.39,clear sky,6.7533,-11.3686,Kwepunha Retreat
581,Mogadishu,SO,75.6,broken clouds,2.0371,45.3438,Hotel Juba
582,Ewa Beach,US,82.4,clear sky,21.3156,-158.0072,Base Lodging
584,Inhambane,MZ,80.26,moderate rain,-23.865,35.3833,Oceano
589,Santa Cruz,BO,75.2,broken clouds,-17.8,-63.1667,Hotel Cortez
590,Jiblah,YE,55.51,broken clouds,13.9216,44.1467,Tiger Tower Hotel
591,Ishigaki,JP,64.4,scattered clouds,24.3448,124.1572,Hotel Peace Land Ishigakijima
593,Mumford,GH,78.75,few clouds,5.2618,-0.759,Spanish Villa
596,Taltal,CL,66.72,few clouds,-25.4,-70.4833,Residencial Karime
598,Picos,BR,75.58,overcast clouds,-7.0769,-41.4669,Entre Rios Hotel
599,Aquin,HT,75.15,few clouds,18.2833,-73.4,Asheev Beach
601,Waitati,NZ,66.0,overcast clouds,-45.75,170.5667,Arden Country House BnB Dunedin
602,Kokstad,ZA,65.05,scattered clouds,-30.5472,29.4241,Majestic Bed and Breakfast
603,Touros,BR,78.8,light rain,-5.1989,-35.4608,INN NEW HORIZON
606,Half Moon Bay,US,55.4,clear sky,37.4636,-122.4286,"The Ritz-Carlton, Half Moon Bay"
607,Bundaberg,AU,82.4,overcast clouds,-24.85,152.35,Takalvan Motel
610,Tres Lagoas,BR,75.45,overcast clouds,-20.7511,-51.6783,Druds Express Hotel
611,Kushima,JP,57.2,mist,31.4583,131.2333,Hanaoka
612,San Andres,CO,78.8,scattered clouds,12.5847,-81.7006,Hotel Arena Blanca
613,Amarante Do Maranhao,BR,73.85,light rain,-5.5667,-46.7422,Hot√©is Ca√ßulinha
615,Jacareacanga,BR,74.79,overcast clouds,-6.2222,-57.7528,Casa do Ianüòé
619,Bowen,AU,82.4,scattered clouds,-20.0167,148.2333,Castle Motor Lodge Motel
620,Katherine,AU,82.4,broken clouds,-14.4667,132.2667,Pine Tree Motel
621,Baturaja,ID,74.16,overcast clouds,-4.1333,104.1667,"HOTEL Sekar Sunja, Baturaja Timur, Ogan Komering Ulu"
623,Camana,PE,71.53,broken clouds,-16.6228,-72.7111,Hostal Morales
624,Qui Nhon,VN,68.22,few clouds,13.7667,109.2333,Kh√°ch s·∫°n H·∫£i √Çu Quy Nh∆°n - Seagull Hotel
625,Icod De Los Vinos,ES,59.0,overcast clouds,28.3724,-16.7119,Hotel Rural El Patio
626,Kulhudhuffushi,MV,81.52,scattered clouds,6.6221,73.07,Haajy Guest House 1
629,Sibiti,CG,69.31,light rain,-3.6819,13.3499,"LE PAPYRUS (h√¥tel, bar et restaurant)"
631,Pozo Colorado,PY,81.07,light rain,-23.4923,-58.7972,Hospedaje la Amistad
634,Playas,EC,77.4,broken clouds,-2.6333,-80.3833,Hostal Promenade
635,Pahrump,US,53.01,overcast clouds,36.2083,-115.9839,Best Western Pahrump Oasis
636,Carbonia,IT,55.99,few clouds,39.1672,8.5222,Lu 'Hotel
637,Isabela,PH,82.4,broken clouds,6.7085,121.9711,Isawad Resort
639,Paracuru,BR,81.0,broken clouds,-3.41,-39.0306,Hotel Vento Brasil
641,Gombong,ID,60.01,broken clouds,-7.6072,109.5142,Grafika Hotel Dan Restoran
642,Sao Felix Do Xingu,BR,74.86,light rain,-6.6447,-51.995,Rio Xingu Camping
643,Aljezur,PT,59.0,overcast clouds,37.3191,-8.8033,Amazigh Hostel
647,Gisborne,NZ,80.01,scattered clouds,-38.6533,178.0042,ASURE Alfresco Motor Lodge
650,Huayucachi,PE,54.82,moderate rain,-12.1333,-75.2333,Hostal Molinos
652,Riachao,BR,75.63,clear sky,-7.3619,-46.6172,Pousada Nordestina
653,Fortuna Foothills,US,62.6,clear sky,32.6578,-114.4119,Fortuna De Oro RV Park
654,Tutoia,BR,77.77,overcast clouds,-2.7619,-42.2744,Pousada Guar√°'s
656,Gushikawa,JP,66.2,scattered clouds,26.3544,127.8686,Kirari Guest House
657,Dwarka,IN,67.62,clear sky,22.2394,68.9678,Hotel Narayan Avezika Comfort
658,Dosso,NE,68.4,few clouds,13.049000000000001,3.1937,Hotel Toubal
659,Ojinaga,MX,66.2,clear sky,29.5667,-104.4167,Suites Las Palmas
662,Curvelo,BR,70.16,clear sky,-18.7564,-44.4308,Pontal Plaza Hotel
665,Chuka,KE,60.39,broken clouds,-0.3332,37.6459,Mountain Breeze Guest House
666,San Jose De Guanipa,VE,78.06,overcast clouds,8.8872,-64.1651,HOTEL 283 SUITES
667,Manta,EC,80.6,scattered clouds,-0.95,-80.7333,Balandra Hotel
668,Poum,NC,81.77,overcast clouds,-20.2333,164.0167,G√Æte kajeon
671,Harper,LR,78.17,few clouds,4.375,-7.7169,Screensaver
672,Birnin Kebbi,NG,69.91,overcast clouds,12.4539,4.1975,Saffar Guest Inn Ltd
674,Balikpapan,ID,78.8,scattered clouds,-1.2675,116.8289,Grand Jatra Hotel Balikpapan
676,Batticaloa,LK,75.58,overcast clouds,7.7102,81.6924,Grand Star Guest House
678,Sinnamary,GF,77.56,overcast clouds,5.3833,-52.95,ALETHEIA Appartement Sinnamary
679,Rantauprapat,ID,74.7,broken clouds,2.1,99.8333,Permata Land Hotel & Resort
680,Mana,GF,77.5,overcast clouds,5.6592,-53.7767,LE SAMANA
683,Puri,IN,66.2,fog,19.8,85.85,OYO 1577 Hotel Shree Hari Grand
684,Yenagoa,NG,76.33,overcast clouds,4.9247,6.2642,Aridolf Resort Wellness and Spa
685,Auki,SB,85.33,broken clouds,-8.7676,160.7034,Auki Motel
